Word,Frequency
#cooking,10
#chinesefood,10
#f52community,9
#dilsefoodie,9
#f52grams,7
#food,6
#yourfoodlab,5
#recipe,5
#easyrecipes,5
#streetfood,5
#eggrecipes,4
#dilsecouple,4
#foodfood,4
@jemimahrodrigues,3
@karishmaktanna,3
@jamesransom_nyc,2
@posiehh,2
@yflhome,2
@bigbasketcom,2
#chefitup,2
#cookingchallenge,2
@sanjyotkeer,2
#kitchenupgrade,2
#kitchenessentials,2
#kitchenaesthetic,2
#stunning,2
#upgradeyourkitchen,2
#kitchengadgets,2
#sanjyotkeer,2
#blender,2
#yflhome,2
#YFLhome,2
#spicyfood,2
#snack,2
#comfortfood,2
#breakfast,2
@inagarten,1
@isabel.c.montes,1
@annabillingskog,1
@oliviamackmccool,1
@emilydrydenphoto,1
@nigellalawson,1
#geniusrecipe,1
@miglorious,1
@jun.and.tonic,1
@ottolenghi,1
@ivo_bisignano,1
@serax_official,1
@ladyandpups,1
#newlaunch,1
#trynow,1
#futuristicstyle,1
#bladesofglory,1
#techupgrade,1
@yashrajmukhate,1
@tanmaybhat,1
#ChefItUp,1
#Season2,1
#CookingChallenge,1
#MonsoonsWithSanjyot,1
#StreetFood,1
#YFL,1
#jelly,1
#noodles,1
#summerrecipes,1
#rice,1
#ricerecipes,1
#lifehacks,1
#eggs,1
#crÃªpe,1
#bellpeppers,1
#beef,1
#salad,1
#meatlover,1
#cabbage,1
#vegetable,1
#healthyrecipes,1
#meat,1
#pork,1
#cucumber,1
#garlic,1
#crab,1
#bluecrab,1
#seafood,1
#crispy,1
#appetizer,1
#dessert,1
#sweets,1
@dilsefoodie,1
#pancake,1
#cheese,1
#burger,1
#chicken,1
#thailand,1
#phuket,1
#beach,1
#patongbeach,1
#subhashnagar,1
#chole,1
#kulche,1
#reelkarofeelkaro,1
#cholebhature,1
@naansence_01,1
#naan,1
#butter,1
#butterchicken,1
#southindian,1
